Rabbit.PNG,deadEnd,
Screen Shot 2014-08-08 at 9.22.40 AM.png,deadEnd,
Living Room 4.PNG,deadEnd,
Kitchen 7.PNG,deadEnd,
Shed.png,deadEnd,
Yard 5.PNG,deadEnd,
Front Yard 2.png,deadEnd,
Overhead.PNG,deadEnd,
Dead End 3.png,deadEnd,
Screen Shot 2014-01-07 at 6.43.06 PM.png,deadEnd,
Screen Shot 2014-07-02 at 2.48.27 PM.png,deadEnd,
Screen Shot 2014-06-23 at 6.35.27 PM.png,deadEnd,
Living Room Plant 1.PNG,deadEnd,
Screen Shot 2013-12-30 at 12.29.37 PM.png,deadEnd,
sidepath3.png,deadEnd,
graveyard1.JPG,deadEnd,
Street 1.png,deadEnd,
Dark Room 2.PNG,deadEnd,
SpinGuy.jpeg,doodles,
Scan 17.jpeg,doodles,
Scan 3.jpeg,doodles,
appleJack.jpeg,doodles,
Scan 2.jpeg,doodles,
Scan 16.jpeg,doodles,
abbaGuy.jpeg,doodles,
noseEye.jpeg,doodles,
Scan.jpeg,doodles,
Scan 13.jpeg,doodles,
Scan 12.jpeg,doodles,
page.jpeg,doodles,
Scan 1.jpeg,doodles,
armGuy.jpeg,doodles,
Scan 15.jpeg,doodles,
Scan 18.jpeg,doodles,
Scan 17 copy.jpeg,doodles,
alienPuppet.jpeg,doodles,
Scan 14.jpeg,doodles,
Jonathan.jpeg,drawings,
Censorship.jpeg,drawings,
Davis.jpeg,drawings,
roof.jpg,drawings,
Franz.jpeg,drawings,
Sunflowers.JPG,drawings,
Skull.JPG,drawings,
Parents.JPG,drawings,
Sunland.jpeg,drawings,
CherryTree.jpg,drawings,
Goat.jpeg,drawings,
Madhava.jpeg,drawings,
Trotsky.jpeg,drawings,
Artichoke.JPG,drawings,
Fountain.jpg,drawings,
Leander.jpg,drawings,
Maddie1.jpeg,drawings,
Prab.jpg,drawings,
Ghosts.jpeg,drawings,
Maddie2.jpeg,drawings,
Window.jpg,drawings,
Maze.jpeg,drawings,
Waterbottle.jpeg,drawings,
Informatics.png,drawings,
Dove.jpg,drawings,
Tessellation.jpg,drawings,
Sanjay.JPG,drawings,
Olliver.jpeg,drawings,
Jion.jpeg,drawings,
Face.jpeg,drawings,
Popcorn.jpeg,drawings,
LivingRoom.jpeg,drawings,
Carson.jpeg,drawings,
ch7_1.png,lifeOfPika,
ch5_3.png,lifeOfPika,
ch3_5.png,lifeOfPika,
ch3_4.png,lifeOfPika,
ch5_2.png,lifeOfPika,
ch7_2.png,lifeOfPika,
ch1_4.png,lifeOfPika,
ch5_1.png,lifeOfPika,
ch7_3.png,lifeOfPika,
ch3_3.png,lifeOfPika,
ch1_1.png,lifeOfPika,1
ch3_2.png,lifeOfPika,
ch5_4.png,lifeOfPika,
ch7_4.png,lifeOfPika,
ch1_2.png,lifeOfPika,
ch1_3.png,lifeOfPika,
ch3_1.png,lifeOfPika,
ch6_2.png,lifeOfPika,
ch6_3.png,lifeOfPika,
ch4_1.png,lifeOfPika,
ch4_3.png,lifeOfPika,
ch6_1.png,lifeOfPika,
ch4_2.png,lifeOfPika,
ch2_4.png,lifeOfPika,
ch6_4.png,lifeOfPika,
ch6_5.png,lifeOfPika,
ch2_1.png,lifeOfPika,
ch2_3.png,lifeOfPika,
ch4_5.png,lifeOfPika,
ch4_4.png,lifeOfPika,
ch2_2.png,lifeOfPika,
ch8_4.png,lifeOfPika,
ch8_5.png,lifeOfPika,
TitleScreen.jpg,lifeOfPika,
ch8_2.png,lifeOfPika,
ch8_3.png,lifeOfPika,
ch8_1.png,lifeOfPika,
ArtLine.jpg,miscellaneous,
chs.jpg,miscellaneous,
wolf2.jpeg,miscellaneous,
FeminineCollage.jpg,miscellaneous,
MasculineCollage.jpg,miscellaneous,
Brule.jpeg,miscellaneous,
wolf 1.jpeg,miscellaneous,
Teddy.PNG,miscellaneous,
BusinessSpooner.jpeg,miscellaneous,
ArtCircle.jpeg,miscellaneous,
Genders.png,miscellaneous,
Teapots.png,miscellaneous,
WolfOfWallStreetVHS.jpeg,miscellaneous,
Severance.jpg,miscellaneous,
ThiccSpaghetti.jpg,miscellaneous,
TrainParking.jpeg,miscellaneous,
GarfunkelOates.png,miscellaneous,
Gary.jpg,miscellaneous,
Suey.png,miscellaneous,
DennisChair.png,miscellaneous,
TheActualBeachBoys.jpeg,miscellaneous,
OffallyGood!.jpeg,miscellaneous,
SovietMonopoly.jpeg,miscellaneous,
HymnToNikkal.jpg,miscellaneous,
Prohibitionist.JPG,paintings,
witchettyGrub.jpg,paintings,
Art Trail (Cropped).JPG,paintings,
WineAndOnion.jpg,paintings,
BottleAndGoblet.jpg,paintings,
Skull.jpeg,paintings,
Maddie and the Pancakes 2.jpeg,paintings,
Cube.JPG,paintings,
BlueRoom.jpeg,paintings,
Vulture.jpeg,paintings,
WineAndOnion.jpeg,paintings,
Chantarelle.jpg,paintings,
Renaissance.JPG,paintings,
CindyAndAlex.JPG,paintings,
Prohibitionist.jpeg,paintings,
Mango.jpeg,paintings,
Harding.jpeg,paintings,
Pomegranate.jpeg,paintings,
BottleAndGoblet.jpeg,paintings,
SkullPainting.JPG,paintings,
Kim.jpeg,paintings,
Taft.JPG,paintings,
MaddieAndThePancakes.jpeg,paintings,
Winston.jpeg,paintings,
McKinley.JPG,paintings,
SelfPortrait.jpg,paintings,
RainbowHead.jpg,paintings,
TheodoreRoosevelt.JPG,paintings,
Guy.jpeg,paintings,
head.jpeg,photography,
nearDeath.jpeg,photography,
kidsDance.jpeg,photography,
carBranch.jpeg,photography,
plantWindow.jpeg,photography,
54golf.jpeg,photography,
beJeep.jpeg,photography,
rec.jpeg,photography,
linux.jpeg,photography,
vaporwave.jpeg,photography,
bananaLedge.jpeg,photography,
poohAndMickey.jpeg,photography,
puzzlePieces.jpeg,photography,
angerDisgustFear.jpeg,photography,
whoGivesACrap.jpeg,photography,
horrifyin.jpeg,photography,
pianoMelt.jpeg,photography,
drHummus.jpeg,photography,
stopThat.jpeg,photography,
carseatHat.jpeg,photography,
mrBill.jpeg,photography,
okMall.jpeg,photography,
daTuba.jpeg,photography,
colorBars.jpeg,photography,
potatoBox.jpeg,photography,
prime.jpeg,photography,
fish.jpeg,photography,
prettyTired.jpeg,photography,
greyWood.jpeg,photography,
durn.jpeg,photography,
5star.jpeg,photography,
roughRoad.jpeg,photography,
plantWindowBig.jpeg,photography,
catMarvel.jpeg,photography,
pleaseDucks.jpeg,photography,
tacoBell.jpeg,photography,
weAre40.jpeg,photography,
orangeJuiceAirport.jpeg,photography,
veggies.jpeg,photography,
unixError.jpeg,photography,
dogEar.jpeg,photography,
pleaseDog.jpeg,photography,
savage.jpeg,photography,
420lit.jpeg,photography,
boomers.jpeg,photography,
closed.jpeg,photography,
noNoNo.jpeg,photography,
treeWilt.jpeg,photography,
bePretty.jpeg,photography,
glinda.jpeg,photography,
cow.jpeg,photography,
thisIsMorgan.jpeg,photography,
extraSouce.jpeg,photography,
blueTree.jpeg,photography,
earth.jpeg,photography,
ranch.jpeg,photography,
kek.jpeg,photography,
shaq.jpeg,photography,
loveBeach.jpeg,photography,
wow.jpeg,photography,
smirk.jpeg,photography,
blueTree 2.jpeg,photography,
boardwalk.jpeg,photography,
pasta.jpeg,photography,
upperDoor.jpeg,photography,
rock.jpeg,photography,
truckBroken.jpeg,photography,
intertubes.jpeg,photography,
special.jpeg,photography,
godBless.jpeg,photography,
wizard.jpeg,photography,
pan.jpeg,photography,
hot.jpeg,photography,
hmm.jpeg,photography,
nothingOfValue.jpeg,photography,
f.jpeg,photography,
lacroix.jpeg,photography,
iveFallen.jpeg,photography,
1234.jpeg,photography,
questionMark.jpeg,photography,
ucsf.jpeg,photography,
baldGlasses.jpeg,photography,
shoesInBush.jpeg,photography,
subwayTouchscreen.jpeg,photography,
thisworks.jpeg,photography,
tabasco.jpeg,photography,
outBus.jpeg,photography,
chips.jpeg,photography,
god.jpeg,photography,
celci.jpeg,photography,
be.jpeg,photography,
cards.jpeg,photography,
nightmareMustEnd.jpeg,photography,
lostKitten.jpeg,photography,
shoulder.jpeg,photography,
greatSalmon.jpeg,photography,
chocolateFactoryBear.jpeg,photography,
bigDog.jpeg,photography,
dontLive.jpeg,photography,
menOof.jpeg,photography,
pizza.jpeg,photography,
moth 2.jpeg,photography,
ravennaInteriors.jpeg,photography,
meaty.jpeg,photography,
aPizzaADay.jpeg,photography,
stairs.jpeg,photography,
std.jpeg,photography,
arrow.jpeg,photography,
beMoreAutistic.jpeg,photography,
sexyLifeSaladOn.jpeg,photography,
jokerTruck.jpeg,photography,
zombies.jpeg,photography,
perms.jpeg,photography,
squirrellSunbathe.jpeg,photography,
pokemons.jpeg,photography,
ghostbust.jpeg,photography,
treeCaution.jpeg,photography,
pain.jpeg,photography,
shoeTracks.jpeg,photography,
sheldon.jpeg,photography,
funCard.jpeg,photography,
constructionAccident.jpeg,photography,
gun.jpeg,photography,
essentialsOfModernPhysics.jpeg,photography,
gramma.jpeg,photography,
5%.jpeg,photography,
1111.jpeg,photography,
mysteryMachine.jpeg,photography,
crunchyNuss.jpeg,photography,
dogStickerCar.jpeg,photography,
joy.jpeg,photography,
sealedAir.jpeg,photography,
dab.jpeg,photography,
882O.jpeg,photography,
chipsOnGround.jpeg,photography,
circuitBoard.jpeg,photography,
bratNote.jpeg,photography,
peacock.jpeg,photography,
clownsFragile.jpeg,photography,
catEyes.jpeg,photography,
whatever.jpeg,photography,
mickey 2.jpeg,photography,
mattressRoof.jpeg,photography,
rudolph.jpeg,photography,
fisherman.jpeg,photography,
doSomething.jpeg,photography,
lightningMcQueen.jpeg,photography,
copCar.jpeg,photography,
warningCancer.jpeg,photography,
seenByJamesJanuch.jpeg,photography,
hummusVitality.jpeg,photography,
sayNoToDrugs.jpeg,photography,
lifeBook.jpeg,photography,
leo.jpeg,photography,
clown.jpeg,photography,
freePeople.jpeg,photography,
katamari.jpeg,photography,
spaghetti.jpeg,photography,
carSmall.jpeg,photography,
eyes.jpeg,photography,
beehive.jpeg,photography,
graveTree.jpeg,photography,
godBless 2.jpeg,photography,
bodyWindow.jpeg,photography,
cfu.jpeg,photography,
noTennis.jpeg,photography,
suprome.JPG,photography,
trainWindows.jpeg,photography,
ben.jpeg,photography,
pizzaBig.jpeg,photography,
noBrand.jpeg,photography,
akwer.jpeg,photography,
chairs.jpeg,photography,
lRonHubbardWay.jpeg,photography,
outrage.jpeg,photography,
dock.jpeg,photography,
skateboardDrink.jpeg,photography,
mannekin.jpeg,photography,
couchBurn.jpeg,photography,
whereAmI.jpeg,photography,
cleff.jpeg,photography,
toilets.jpeg,photography,
smileyBoiler.jpeg,photography,
meanWell.jpeg,photography,
insects.jpeg,photography,
nlog.jpeg,photography,
dogCar.jpeg,photography,
clock.jpeg,photography,
texasMan.jpeg,photography,
catFence 2.jpeg,photography,
accountability.jpeg,photography,
geico.jpeg,photography,
mcDonalds.jpeg,photography,
carefullyBurn.jpeg,photography,
dogs.jpeg,photography,
catWindow2.jpeg,photography,
doritos.jpeg,photography,
highHeel.jpeg,photography,
treeCar.jpeg,photography,
madameWeb.jpeg,photography,
car.jpeg,photography,
toiletPaperFlush.jpeg,photography,
love.jpeg,photography,
moth.jpeg,photography,
gatorade.jpeg,photography,
shoesBasketball.jpeg,photography,
roughRoadUpsideDown.jpeg,photography,
bibleTree.jpeg,photography,
goAway.jpeg,photography,
tshirt.jpeg,photography,
beGayDoCrime.jpeg,photography,
jeans.jpeg,photography,
dinosaurLight.jpeg,photography,
spaghettiL.jpeg,photography,
elvis.jpeg,photography,
420.jpeg,photography,
bible.jpeg,photography,
mid.jpeg,photography,
royGBiv.jpeg,photography,
squareDance.jpeg,photography,
pizzaMaker.jpeg,photography,
1910.jpeg,photography,
babyStore.jpeg,photography,
carPurple.jpeg,photography,
stopp.jpeg,photography,
veganDog.jpeg,photography,
thatDarnCat.jpeg,photography,
brokenGlass.jpeg,photography,
babyStroller.jpeg,photography,
youAreMomGayLol.jpeg,photography,
tissueGlass.jpeg,photography,
beCarefulOfYouHead.jpeg,photography,
yo.jpeg,photography,
freeMayo.jpeg,photography,
monitor.jpeg,photography,
yoMama.jpeg,photography,
crowBatman.jpeg,photography,
justMarried.jpeg,photography,
screenAd.jpeg,photography,
treeBowl.jpeg,photography,
happySpring.jpeg,photography,
panda.jpeg,photography,
neverGiveUpOffice.jpeg,photography,
catWindow3.jpeg,photography,
throopSt.jpeg,photography,
dad.jpeg,photography,
iDontKnow.jpeg,photography,
grapes.jpeg,photography,
oldLady.jpeg,photography,
chair.jpeg,photography,
endOfTheLine.jpeg,photography,
expectDelays.jpeg,photography,
lordOfTheDance.jpeg,photography,
hunkyGuacamole.jpeg,photography,
catWindow.jpeg,photography,
paintSteps.jpeg,photography,
mother'sRoom.jpeg,photography,
bagels.jpeg,photography,
gasMask.jpeg,photography,
daiTogether.jpeg,photography,
fandiniJames.jpeg,photography,
miguels.jpeg,photography,
hm.jpeg,photography,
javaMonster.jpeg,photography,
noSeJuega.jpeg,photography,
fly.jpeg,photography,
whatYearWereYouBorn.jpeg,photography,
NaN.jpeg,photography,
kokane.jpeg,photography,
windowSideways.jpeg,photography,
goodFoodServedHere.jpeg,photography,
potatoTree.jpeg,photography,
mickey.jpeg,photography,
doNotEnter.jpeg,photography,
gender.jpeg,photography,
zebraMural.jpeg,photography,
30million.jpeg,photography,
watchOutForPinching.jpeg,photography,
skibidi.jpeg,photography,
amazon.jpeg,photography,
best.jpeg,photography,
fileCabinet.jpeg,photography,
isolationRoom.jpeg,photography,
neighsHoarsely.jpeg,photography,
stair.jpeg,photography,
bikeRack.jpeg,photography,
spyCar.jpeg,photography,
newMexico.jpeg,photography,
hammerAndSickle.jpeg,photography,
selectOne.jpeg,photography,
spicy.jpeg,photography,
beach.jpeg,photography,
beefBend.jpeg,photography,
cigarette.jpeg,photography,
sheetMusic.jpeg,photography,
christmasHouse.jpeg,photography,
mirror.jpeg,photography,
washingtonFederal.jpeg,photography,
crab.jpeg,photography,
securitCamera.jpeg,photography,
criticallyAcclaimed.jpeg,photography,
tunnel.jpeg,photography,
flag.jpeg,photography,
youAreYourId.jpeg,photography,
fiveGuys.jpeg,photography,
deafDog.jpeg,photography,
booneScholibo.jpeg,photography,
macaroni.jpeg,photography,
gardenMask.jpeg,photography,
bajaBlast.jpeg,photography,
jeffGoldblum.jpeg,photography,
chinaError.jpeg,photography,
endTheInternet.jpeg,photography,
telephon.jpeg,photography,
skeletonEyes.jpeg,photography,
iAmAGhost.jpeg,photography,
asianMan.jpeg,photography,
boyButter.jpeg,photography,
mirrorFall.jpeg,photography,
doll.jpeg,photography,
id.jpeg,photography,
stillIRise.jpeg,photography,
phucDat.jpeg,photography,
goldToilet.jpeg,photography,
wig.jpeg,photography,
babyShower.jpeg,photography,
abortion.jpeg,photography,
catSign.jpeg,photography,
sauce.jpeg,photography,
window.jpeg,photography,
coneTree.jpeg,photography,
succ.jpeg,photography,
leaveRockHere.jpeg,photography,
playStructure.jpeg,photography,
cigaretteHand.jpeg,photography,
no.jpeg,photography,
doNotRemove.jpeg,photography,
internet.jpeg,photography,
realEstate.jpeg,photography,
fearOfDyin.jpeg,photography,
houseInHouse.jpeg,photography,
openBooks.jpeg,photography,
zza.jpeg,photography,
fenceWindow.jpeg,photography,
loveFever.jpeg,photography,
trainNotFound.jpeg,photography,
stop.jpeg,photography,
djKhaled.jpeg,photography,
amazonHertz.jpeg,photography,
busyToy.jpeg,photography,
hotSauce.jpeg,photography,
handSanitizer.jpeg,photography,
darkness.jpeg,photography,
8820.jpeg,photography,
eczema.jpeg,photography,
horseySauce.jpeg,photography,
419.jpeg,photography,
whatIsThis.jpeg,photography,
taiwam.jpeg,photography,
rooster.jpeg,photography,
homeless.jpeg,photography,
carts.jpeg,photography,
handJob.jpeg,photography,
playdoughFlavor.jpeg,photography,
linuxPlane.jpeg,photography,
diddley.jpeg,photography,
subway.jpeg,photography,
flags.jpeg,photography,
observed.jpeg,photography,
blueMnMs.jpeg,photography,
windowGirl.jpeg,photography,
shoesClub.jpeg,photography,
playKitchen.jpeg,photography,
toiletGlow.jpeg,photography,
loisLane.jpeg,photography,
smile.jpeg,photography,
door.jpeg,photography,
packagedWithPride.jpeg,photography,
pizz.jpeg,photography,
asbestos.jpeg,photography,
qrCode.jpeg,photography,
children.jpeg,photography,
dull.jpeg,photography,
studyingKnowledge.jpeg,photography,
please.jpeg,photography,
crows.jpeg,photography,
sometimes.jpeg,photography,
iDontNow.jpeg,photography,
yogurtCheeseAndBeer.jpeg,photography,
no 2.jpeg,photography,
goodMorningGoodbye.jpeg,photography,
moisture.jpeg,photography,
toaster.jpeg,photography,
crookedWindow.jpeg,photography,
subjectiveLevel.jpeg,photography,
1973.jpeg,photography,
spiderweb.jpeg,photography,
dogCarWindow.jpeg,photography,
gootz.jpeg,photography,
foreignBank.jpeg,photography,
graceTruth.jpeg,photography,
receipt.jpeg,photography,
horse.jpeg,photography,
leavesConcrete.jpeg,photography,
refinedChineseTea.jpeg,photography,
treeSign.jpeg,photography,
calciumOmg.jpeg,photography,
banoDeMujeres.jpeg,photography,
legend.jpeg,photography,
plantCar 2.jpeg,photography,
noodle.jpeg,photography,
footPlanter.jpeg,photography,
myBurrito.jpeg,photography,
69.jpeg,photography,
grapeSoda.jpeg,photography,
changeChannel.jpeg,photography,
redTree.jpeg,photography,
mar212003.jpeg,photography,
drugsUrinal.jpeg,photography,
jokerCar.jpeg,photography,
cocktails.jpeg,photography,
smileyBowl.jpeg,photography,
tires.jpeg,photography,
wangSteak.jpeg,photography,
catFence.jpeg,photography,
corona.jpeg,photography,
jaundice.jpeg,photography,
blank.jpeg,photography,
mom.jpeg,photography,
vag.jpeg,photography,
outletFaces.jpeg,photography,
kittens.jpeg,photography,
sad.jpeg,photography,
caution.jpeg,photography,
laws.jpeg,photography,
peppers.jpeg,photography,
forkDoor.jpeg,photography,
ass.jpeg,photography,
trafficCone.jpeg,photography,
benjamind.jpeg,photography,
sandwich.jpeg,photography,
rainier.jpeg,photography,
arcadeError.jpeg,photography,
hideFacesFromMemories.jpeg,photography,
chubbyLilMermaid.jpeg,photography,
furryCar.jpeg,photography,
duh.jpeg,photography,
artKeys.jpeg,photography,
waffles.jpeg,photography,
ppwp.jpeg,photography,
deadEnd.jpeg,photography,
fence.jpeg,photography,
arning.jpeg,photography,
tv.jpeg,photography,
plantCar.jpeg,photography,
manRepair.jpeg,photography,
catPlay.jpeg,photography,
graffitiWeird.jpeg,photography,
drPhil.jpeg,photography,
noParking.jpeg,photography,
hey.jpeg,photography,
stress.jpeg,photography,
cougar.jpeg,photography,
fresh.jpeg,photography,
bidenHarris.jpeg,photography,
fiveDays.jpeg,photography,
bacon.jpeg,photography,
grammaBin.jpeg,photography,
hello.jpeg,photography,
burrito.jpeg,photography,
pumpkinShake.jpeg,photography,
fallingMan.jpeg,photography,
crosswalk.jpeg,photography,
pavementJoint.jpeg,photography,
dontTrustJustAnyone.jpeg,photography,
squirrell.jpeg,photography,
powerade.jpeg,photography,
dumpsterPhoto.jpeg,photography,
shoeprint.jpeg,photography,
1stAve.jpeg,photography,
mice.jpeg,photography,
daddysDonuts.jpeg,photography,
nameDate.jpeg,photography,
celsiBen.jpeg,photography,
ccc555.jpeg,photography,
men.jpeg,photography,
duckGooseDuck.jpeg,photography,
trees.jpeg,photography,
hangers.jpeg,photography,
pikachu.jpeg,photography,
outletsWeird.jpeg,photography,
maniac.jpeg,photography,
bananaGround.jpeg,photography,
obey.jpeg,photography,
monaLisa.jpeg,photography,
rabbitsRabbitsRabbits.jpeg,photography,
banoDeHombres.jpeg,photography,
plantBox.jpeg,photography,
whyTry.jpg,photography,
dogRailing.jpeg,photography,
paintedDoor.jpeg,photography,
afroPoint.jpeg,photography,
gaitronics.jpeg,photography,
wetPuddy.jpg,photography,
shitCatan.jpeg,photography,
goodJobfa.jpeg,photography,
voteNo.jpeg,photography,
wedding.jpeg,photography,
ooof.jpeg,photography,
exitNot.jpeg,photography,
noTable.jpeg,photography,
pointNGo.jpeg,photography,
balloons.jpeg,photography,
plantTruck.jpeg,photography,
myBad.jpeg,photography,
jPopp.jpeg,photography,
body.jpeg,photography,
specialFeatures.jpeg,photography,
greatRegularFlavor.jpeg,photography,
iFoundYourPhone.jpeg,photography,
trafficConeSideways.jpeg,photography,
endIsNye.jpeg,photography,
trash.jpeg,photography,
christmasLights.jpeg,photography,
thumbsUpGlove.jpeg,photography,
burnoutPrevention.jpeg,photography,
outlet.jpeg,photography,
drinkBroken.jpeg,photography,
peeece.jpeg,photography,
dogWalk.jpeg,photography,
wetCement.jpeg,photography,
fenceBroken2.jpeg,photography,
trendingNews.jpeg,photography,
congratulations.jpeg,photography,
grub.jpeg,photography,
toiletLeaves.jpeg,photography,
noRules.jpeg,photography,
phuketThai.jpeg,photography,
baldEagle.jpeg,photography,
hamOnWheat.jpeg,photography,
treePublicNotice.JPG,photography,
halloweenTruck.jpeg,photography,
dogPlant.jpeg,photography,
stopAhead.jpeg,photography,
fakeMoney.jpeg,photography,
restart.jpeg,photography,
projecting.jpeg,photography,
digitalPerm.jpeg,photography,
towers.jpeg,photography,
poo.jpeg,photography,
sassy.jpeg,photography,
instagramMug.jpeg,photography,
jeffEpstein.jpeg,photography,
neverGiveUpBillboard.jpeg,photography,
class.jpg,uwDaily,
summer.jpg,uwDaily,
bikini.jpg,uwDaily,
Hillary.jpg,uwDaily,
trumpers.jpg,uwDaily,
jenny durkin.JPG,uwDaily,
bird and bee.jpg,uwDaily,
primate.jpg,uwDaily,
apartment.jpg,uwDaily,
bring them to heel.jpg,uwDaily,
cary moon.jpg,uwDaily,
women in stem 2.jpg,uwDaily,
stuff.JPG,uwDaily,
good place.jpg,uwDaily,
aggression.jpg,uwDaily,
dragon.jpg,uwDaily,
restroom.jpg,uwDaily,
ratings.jpg,uwDaily,
crowded uw.jpg,uwDaily,
to the bone.jpg,uwDaily,
bezos.jpg,uwDaily,
online activism.jpg,uwDaily,
stem.jpg,uwDaily,
election feelings.jpg,uwDaily,
feminist ad color 2.jpg,uwDaily,
coddled.jpg,uwDaily,
cat.jpg,uwDaily,
excel.jpg,uwDaily,
shoes.JPG,uwDaily,
eating disorder.JPG,uwDaily,
hanging.jpg,uwDaily,
palace.jpg,uwDaily,
ice.jpg,uwDaily,
cross.jpg,uwDaily,
social media.jpg,uwDaily,
lawmaker.jpg,uwDaily,
jessyn farrell.jpg,uwDaily,
monkey.JPG,uwDaily,
education.jpg,uwDaily,
aderall.jpg,uwDaily,
tech love bw.jpg,uwDaily,
chronic pain.jpg,uwDaily,
frats.jpg,uwDaily,
thoughts.jpg,uwDaily,
obamaKim.JPG,uwDaily,
ghosts.jpg,uwDaily,
dropout.jpg,uwDaily,
leaves.jpg,uwDaily,
Stars.jpg,uwDaily,
vegetables.jpg,uwDaily,
big data.jpg,uwDaily,
budget.jpg,uwDaily,
sex ed.jpg,uwDaily,
tech vs nature.jpg,uwDaily,
pumpkin.jpg,uwDaily,
breathe.jpg,uwDaily,
420.jpg,uwDaily,
trump.jpg,uwDaily,
mimimum wage color.jpg,uwDaily,
condon.jpg,uwDaily,
environment.jpg,uwDaily,
pregnancy.jpg,uwDaily,
fish.jpg,uwDaily,
oxxxford.jpg,uwDaily,
vets.jpg,uwDaily,
bob hasegawa.JPG,uwDaily,
