A Doctor's Appointment in 1347,doctor,mov,,OLD_CGI,?,
ABBA Shreds!,abba,mp4,Bne3uCHS-Bw,MUSIC_VIDEO,2019,
Adam Driver,adamDriver,mp4,1l3XTtqRtTg,MISCELLANEOUS,2017,
All Star But It's The Same As The Original And I Get A Copyright Strike,allStar,mp4,XbtYqpFkQJo,MISCELLANEOUS,2019,
Apple Jack the Ripper: Adventures of a Cereal Killer,appleJack,,LrtA9gXYt4c,MISCELLANEOUS,2010,
Beetle!,beetle,,gVwltuhKRAI,MUSIC_VIDEO,2025,
Best Book Ever,bestBookEver,mov,,OLD_STOPMOTION,?,
Casiopea Forever,casiopea,,7_Iday6w0kI,MUSIC_VIDEO,2019,
Cat Reacts to Cats Trailer,catReacts,,W-ofqDuES7U,MISCELLANEOUS,2020,
Champagne Music,champagneMusic,,GTqxsACeoPQ,MISCELLANEOUS,2016,
Cleanup,cleanup,mov,,OLD_STOPMOTION,?,
dancing queen but you're hiding in the bathroom during a school dance, but you're in a basement at 3am,dancingQueen,,vCiM8z9-_iE,MISCELLANEOUS,2020
Ding Dang,dingDang,,NGe5ujisd28,MISCELLANEOUS,2024,
Don't Worry Be Happy,dontWorry,,yOaCePPiB9Y,MISCELLANEOUS,?,
Dream A Little Dream Of God,dreamOfGod,,emlw9bLSbcA,MUSIC_VIDEO,2015,
Drew's Blues: A Rock Operetta,drewsBlues,,NzcUOxN2IuM,MUSIC_VIDEO,2015,
Elton John's Parenting Advice,elton,,CILBYRHcpvA,MISCELLANEOUS,2019,
Everything Right is Wrong Again,everythingRight,,Wcy7xzgBQis,MUSIC_VIDEO,2015,
Fun Fun Fun Fun Fun Fun Fun,fun,,AurwJd0zw0I,MUSIC_VIDEO,2024,
Funny Fall,funnyFall,,_ZfYnbAmSSs,OLD_STOPMOTION,2003,
His Biggest Mistake,hisBiggestMistake,,h3vyj5yZEmc,OLD_CGI,2010,
Homework,homework,,5i2D7F1fmx0,MISCELLANEOUS,2020,
Honkin',honkin,,D5ehn9a_iLY,MISCELLANEOUS,2024,
How to Play Guitar,howToPlayGuitar,,awdspLT8f04,MISCELLANEOUS,2014,
I Am a Robot,iAmARobot,,0o0ZN87-Yj4,ANIMATION,2019,
California,california,,aqviXXbtiUg,MUSIC_VIDEO,2017,
i yam what i yam,iYam,,Tdb0E7uegyc,MISCELLANEOUS,2020,
Ice Cube,iceCube,mov,,OLD_STOPMOTION,?,
Ideas,ideas,,YAtNl3pbYsg,MISCELLANEOUS,2014,
Intersections!,intersections,,eIqaIGZZzLg,MISCELLANEOUS,2014,
Let's Go Ahead And Get Started,letsGoAhead,,Es_YxQToays,MISCELLANEOUS,2018,
Let's Go Ahead And Get Started 2,letsGoAhead,,mJm6nD0hW88,MUSIC_VIDEO,2019,
Magic Show,magicShow,mov,,OLD_STOPMOTION,?,
Mouse Trap,mouseTrap,mov,,OLD_STOPMOTION,?,
My First Blender Movie,blender,,7uRKkHHZo5Y,CGI,2023,
Number Nine,numberNine,,IGXMVuIvInw,MISCELLANEOUS,2020,
One Second A Day (2019),oneSecond,,LaAjKX-p5hk,MISCELLANEOUS,2019,
Pencil Cans: The Movie,pencilCans,mov,,OLD_STOPMOTION,?,
Pulp Fiction 1949,pulpFiction,,ksxs5drHgTA,MISCELLANEOUS,2014,
Pumpkin Bill?,pumpkinBill,,5rfJa15sZbY,MISCELLANEOUS,2014,
Rhoma,rhoma,mov,,OLD_STOPMOTION,?,
Slop it Up!,slopItUp,,IWYJtf5_u24,MISCELLANEOUS,2025,
Snakehips,snakehips,,5qnW6m7BPpI,MISCELLANEOUS,2015,
T-Shirt,tshirt,mov,,OLD_STOPMOTION,?,
The Ballad of Luigi,luigi,,-yIAxvgeHmE,MUSIC_VIDEO,2025,
The Banana Man,bananaMan,,mfjrTnjbyJs,MISC,2019,
The Do(ugh)nut Man,doughnutMan,,ilyPGt6T9T0,OLD_CGI,2010,
The Dreaded Edge of the Table,dreadedEdge,mov,,OLD_STOPMOTION,?,
The Homies and the Mystery of Death,homiesDeath,mov,,OLD_STOPMOTION,?,
Underwear,underwear,,f7_Jbbqq0RY,MISC,2020,
University of Washington of Thrones,uw,mp4,tEFIzkKNBFs,ANIMATION,2019,
Video Lab Detritus,videoLabDetritus,,dtdh8s74GI4,MISC,2019,
When Robots Fight,whenRobotsFight,,1oGFcKeI83A,OLD_CGI,?,
You Didn't Have To Cut Me Ball,cutMeBall,,uQye8X1TvXI,MISCELLANEOUS,2014,