ABBA Shreds!	abba	mp4	Bne3uCHS-Bw	MUSIC_VIDEO	2019
Adam Driver.mp4	adamDriver	mp4	1l3XTtqRtTg		
All Star But It's The Same As The Original And I Get A Copyright Strike	allStar	mp4	XbtYqpFkQJo		
Apple Jack the Ripper: Adventures of a Cereal Killer	appleJack		LrtA9gXYt4c		2010
The Banana Man	bananaMan		mfjrTnjbyJs		
Beetle the Cat	beetle		Zk6Q6SfcGYU	MUSIC_VIDEO	2025
Best Book Ever	bestBookEver	mov			
I Wish They All Could Be California	california		aqviXXbtiUg	MUSIC_VIDEO	
Casiopea Forever	casiopea		7_Iday6w0kI	MUSIC_VIDEO	
Cat Reacts to Cats (2019) Trailer	catReacts				
Champagne Music	champagneMusic				
Cleanup	cleanup				
You Didn't Have To Cut Me Ball	cutMeBall		uQye8X1TvXI		
dancing queen but you're hiding in the bathroom during a school dance, but you're in a basement at 3am	dancingQueen				
Ding Dang	dingDang		NGe5ujisd28		2024
A Doctor's Appointment in 1347	doctorsAppointment				
Don't Worry Be Happy	dontWorry		yOaCePPiB9Y	SHORT	
The Do(ugh)nut Man	doughnutMan		ilyPGt6T9T0	OLD_CGI	
The Dreaded Edge of the Table	dreadedEdge			OLD_STOPMOTION	
Dream A Little Dream Of God	dreamOfGod		emlw9bLSbcA	MUSIC_VIDEO	
Drew's Blues: A Rock Operetta	drewsBlues		NzcUOxN2IuM	MUSIC_VIDEO	
Elton John's Parenting Advice	elton		CILBYRHcpvA		
Everything Right is Wrong Again	everythingRight		Wcy7xzgBQis	MUSIC_VIDEO	
Underwear	f7_Jbbqq0RY				
Fun Fun Fun Fun Fun Fun Fun	fun		AurwJd0zw0I	MUSIC_VIDEO	2024
Funny Fall	funnyFall		_ZfYnbAmSSs	OLD_STOPMOTION	2003
His Biggest Mistake	hisBiggestMistake		h3vyj5yZEmc	OLD_CGI	
Homework	homework		5i2D7F1fmx0		
The Homies and the Mystery of Death	homiesDeath			OLD_STOPMOTION	
Honkin'	honkin		D5ehn9a_iLY	SHORT	2024
How to Play Guitar	howToPlayGuitar		awdspLT8f04		
I Am a Robot	iAmARobot		0o0ZN87-Yj4		
Ice Cube	iceCube			OLD_STOPMOTION	
Ideas	ideas		YAtNl3pbYsg		
Intersections!	intersections		eIqaIGZZzLg		
i yam what i yam	iYam		Tdb0E7uegyc		
Let's Go Ahead And Get Started 2	letsGoAhead		mJm6nD0hW88	MUSIC_VIDEO	
Let's Go Ahead And Get Started	letsGoAhead		Es_YxQToays		
The Ballad of Luigi	luigi		-yIAxvgeHmE	MUSIC_VIDEO	2025
Magic Show	magicShow			OLD_STOPMOTION	
Mouse Trap	mouseTrap			OLD_STOPMOTION	
My First Blender Movie	myFirstBlenderMovie				
Number Nine	numberNine		IGXMVuIvInw		
One Second A Day (2019)	oneSecond		LaAjKX-p5hk		
Pencil Cans: The Movie	pencilCans			OLD_STOPMOTION	
Pulp Fiction 1949	pulpFiction		ksxs5drHgTA		
Pumpkin Bill?	pumpkinBill		5rfJa15sZbY		
Rhoma	rhoma			OLD_STOPMOTION	
Slop it Up!	slopItUp		IWYJtf5_u24		
Snakehips	snakehips		5qnW6m7BPpI		
T-Shirt	tshirt				
Underwear	underwear		f7_Jbbqq0RY		
University of Washington of Thrones	uw		tEFIzkKNBFs		
Video Lab Detritus	videoLabDetritus		dtdh8s74GI4		
When Robots Fight	whenRobotsFight		1oGFcKeI83A	OLD_CGI	
					