Beetle the Cat	beetle	Zk6Q6SfcGYU	MUSIC_VIDEO	2025
ABBA Shreds!	abba	Bne3uCHS-Bw	MUSIC_VIDEO	2019
Casiopea Forever	casiopea	7_Iday6w0kI	MUSIC_VIDEO	
The Ballad of Luigi	luigi	-yIAxvgeHmE	MUSIC_VIDEO	2025
Dream A Little Dream Of God	dreamOfGod	emlw9bLSbcA	MUSIC_VIDEO	
Drew's Blues: A Rock Operetta	drewsBlues	NzcUOxN2IuM	MUSIC_VIDEO	
Everything Right is Wrong Again	everythingRight	Wcy7xzgBQis	MUSIC_VIDEO	
Fun Fun Fun Fun Fun Fun Fun	fun	AurwJd0zw0I	MUSIC_VIDEO	
Let's Go Ahead And Get Started 2	letsGoAhead	mJm6nD0hW88	MUSIC_VIDEO	
I Wish They All Could Be California	california	aqviXXbtiUg	MUSIC_VIDEO	
i yam what i yam	iYam	Tdb0E7uegyc		
Snakehips	snakehips	5qnW6m7BPpI		
Apple Jack the Ripper: Adventures of a Cereal Killer	appleJack	LrtA9gXYt4c		2010
The Banana Man	bananaMan	mfjrTnjbyJs		
One Second A Day (2019)	oneSecond	LaAjKX-p5hk		
Video Lab Detritus	videoLabDetritus	dtdh8s74GI4		
Intersections!	intersections	eIqaIGZZzLg		
Let's Go Ahead And Get Started	letsGoAhead	Es_YxQToays		
The Do(ugh)nut Man	doughnutMan	ilyPGt6T9T0	OLD_CGI	
Funny Fall (2003)	funnyFall	_ZfYnbAmSSs		
When Robots Fight	whenRobotsFight	1oGFcKeI83A	OLD_CGI	
His Biggest Mistake	hisBiggestMistake	h3vyj5yZEmc	OLD_CGI	
I Am a Robot	iAmARobot	0o0ZN87-Yj4		
University of Washington of Thrones	uw	tEFIzkKNBFs		
A Doctor's Appointment in 1347	doctorsAppointment			
Best Book Ever	bestBookEver			
Cleanup	cleanup			
The Homies and the Mystery of Death	homiesDeath			
Ice Cube	iceCube			
Magic Show	magicShow			
Mouse Trap	mouseTrap			
Pencil Cans: The Movie	pencilCans			
Rhoma	rhoma			
T-Shirt	tshirt			
The Dreaded Edge of the Table	dreadedEdge			
Adam Driver.mp4	adamDriver	1l3XTtqRtTg		